name,label
nans3s5r3tertbutylamino2hydroxypropoxy1234tetrahydro23naphthalenediol,0
methylprednisolone21hemisuccinatemethylprednisolonehemisuccinate,1
scarbocloral,1
nalidixicacid,1
conorphoneconorfone,1
nanpropyl26pipecoloxylidide,1
normethadone,1
norlevorphanol,1
asenapine,1
zinc169658384,1
zinc3604299,0
trichlormethiazide,0
hydromorphone,1
brofoxine,1
thiethylperazine,1
liv20a,1
uniifz5449hjww,1
nanas9sn2r1hydroxybutan2yl47dimethyl66a89tetrahydroindolo43fgquinoline9carboxamide,1
survector,1
valpromide,1
uniixa2019ytu4,1
zolpidem,1
pyridazinone,1
ceftiolene,0
nsc350386,1
schembl144284,1
nanchlorophenylpiperazine,1
chembl285367,1
milacemide,1
zinc33854788,1
compound10,1
hydrazinoalcohol,1
dimethylamphetamine,1
topotecan,1
theobromine,1
marimastat,0
nanpropanolisopropanol,1
chlorpropamide,0
azabon,1
trifluperidol,1
sglutethimide,1
hymecromone,0
nefopam,1
schembl17756664,1
ramciclane,1
octriptyline,1
dicloxacillin,0
amoxapine,1
bromazepam,1
zinc1999415,1
zinc2020011,1
isosorbidedinitrate,0
hydrocortisonebutyrate,1
leucine,1
uniix10241g2na,1
gramicidins2,0
aloracetam,1
amdinocillinpivoxilpivmecillinam,0
chebi338961,1
nanhydroxyethyl2hydroxymethylpiperidine345triol,0
fostamatinib,0
triclodazol,1
schembl79255,1
rolziracetam,1
pf2545920,1
pancopride,1
ipsapirone,1
lopact165,1
zinc1708380,1
cefditorenpivoxil,0
trocimine,1
acetanilide,1
omadacycline,0
compound5d,1
catenulin,0
propoxate,1
mitomycin,0
bupropion,1
cortexolonecortodoxonecortifen,1
descinoloneacetonide,1
lexithromycin,0
schembl10033978,0
metoxepin,1
norfloxacin,0
sisomicin,0
nancyclopropyl7methyl24915tetrazatricyclo940038pentadecan10one,1
procymate,1
teicoplanin,0
nandifluoro11hydroxy101316trimethyl3oxo78111214151617octahydro6hcyclopentaaphenanthren17yl2oxoethyl22dimethylpropanoate,1
pericyazine,1
streptozotocin,0
schembl3731467,0
tenebrimycin,0
prednisolut,1
saxamozide,1
tenilapine,1
nanas9r10arn3dimethylaminopropylnethylcarbamoyl7prop2enyl66a891010ahexahydro4hindolo43fgquinoline9carboxamide,1
zinc40163494,0
demecycline,0
snicardipine,0
pyrithione,0
alnespirone,1
apramycin,0
deltayohimbine,1
thioguanine,0
midodrine,0
nantetramethylpyrazine,1
chembl420115,1
terconazole,0
pentyl134dihydroxy5methyloxolan2yl5fluoro2oxopyrimidin4ylaminoformate,0
isoxsuprine,0
doxepin,1
nanaminohippuricacid,0
binedaline,1
alfaxalonerenanolone,1
nandimethylbutane,1
dapoxetine,1
prednisolone21acetate,1
cistilidine,1
chebi337303,1
floctafenine,0
bioepiderm,1
daraboflavin,1
milenperone,1
dextromoramide,1
diazoxide,0
chembl476108,1
mannitol,0
amiloride,0
ethyltbutylether,1
epicillin,0
propyperone,1
aniracetam,1
tixocortol,1
cimetidineyg1,0
bdbm86527,1
nanhydroxy2phenylacetylamino31methyltetrazol5ylsulfanylmethyl8oxo5thia1azabicyclo420oct2ene2carboxylicacid,0
lorazepam,1
fluovitef,1
ctk7e5530,1
viloxazine,1
hexachlorophene,0
yg16,1
estriol,0
chlorpheniramine,1
nanb,1
clorotepine,1
y12,0
zinc671,1
dlpantothenicacid,0
benzylalcohol,1
sprofenamine,1
cp94,1
schembl2056520,1
nanr5s6r33dimethyl7oxo62prop2enylsulfanylacetylamino4thia1azabicyclo320heptane2carboxylicacid,0
decane,1
unii62o79nuo5m,0
remikiren,0
fimasartan,0
oxisopred,1
cefetametpivoxil,0
chloramphenicol,0
talipexole,1
pheniprazine,1
chembl3560261,0
nanalphatestosterone,1
sulfamoxole,0
y19,1
quazepam,1
triaconazole,0
oxitriptyline,1
zinc1633925,1
butylacetate,1
ldideoxyinosine,0
anileridine,1
ethylnandrol,0
uniiq1069wkm8gcomponentlzkanmyvpjzlewfonmrsagsan,1
ao33,1
acenocumarol,0
selinexor,0
nanchloro4methyl14dihydroquinazolin2amine,1
tiopronin,0
zinc100218256,1
albutoins,1
estradiol,1
schembl6228490,1
scarbuterol,0
lidocaine,1
androsan,0
dmannitol,0
nmethylspiperone,1
carbamazepineepoxide,1
cephatriazine,0
alfentanilrapifen,1
atromepine,1
nanpentanone,1
quinidinequinine,1
sulphurhexafluoride,1
nafcillin,0
gabapentin,1
femoxetine,1
w3746,1
niaprazine,1
phenylntertbutylnitronecid10313352,1
etoprine,1
cysteamine,0
hydrocortisoneacetate,1
nanbis4fluorophenylpropylpiperidin4yl1hbenzimidazol2one,1
yridine,1
talnetant,1
alphaprodinebetaprodine,1
ft0697029,1
nanmethylthiophencyclidinegacyclidine,1
thiotetrabarbital,1
lysuride,1
mw015188wh,1
pk11195,1
glipizide,0
isoquercitrin,0
uniiyv88341qw3,1
rethosuximide,1
cilostazol,0
guanethidinesulfate,0
naloxone,1
tramiprosatealzhemed,1
zinc100025275,0
nsc277175,1
propikacin,0
trimethaphan,0
arbidol,0
timirdine,1
ft0696623,1
methetoin,1
zinc72266854,0
oxytetracycline,0
dimelazine,1
diflucortolonuminnlatin,1
schembl13575747,0
tolnaftate,0
pirbuterol,0
pelrinone,1
indomethacin,0
chembl319301,1
dcamphor,1
pregabalin,1
isosorbide,0
schembl18401354,1
ambroxol,0
sitagliptin,0
beclomethasonedipropionatebeclometasonedipropionate,1
cloxypendyl,1
cogoxin,0
nans4as7s7ar12br3methyl244a77a13hexahydro1h412methanobenzofuro32eisoquinoline79diol,1
schembl3961263,1
quinapril,0
nanr4ar7r7ar12bs9acetyloxy3methyl244a77a13hexahydro1h412methanobenzofuro32eisoquinolin7ylacetate,1
ipratropium,0
zinc1693020,1
nans2s9s441111tetramethyl3571012pentaoxatricyclo730026dodecan6ylmethylsulfamate,1
rilmenidine,0
pdsp1001647,1
uniioe8026nxvx,1
zinc100037462,0
schembl19681909,1
thiphencillin,0
vinyltrichloride,1
fosenazide,1
dabelotiner,1
phacetoperane,1
zinc5368369,1
schembl547392,1
tiapride,1
dextrorphan,1
cefetametpivoxyl,0
dixyrazine,1
levosimendan,0
milameline,1
captodiame,1
rnicardipine,0
betamethasoneacetate,1
schembl8639797,1
cefmenoxime,0
tetrabarbital,1
nanpropynyluridine,0
resorcinol2pmentha18dien3yl5pentyle,1
ivacaftor,0
echothiophate,0
n35dimethylaminomethylfuran2ylsulfanylpropylnmethyl2nitroethanimidamide,0
indalpine,1
clonixin,0
chembl1935441,1
oxybutynin,0
dopamantine,1
chembl405969,1
ici17148,1
levitiracetam,1
rpancopride,1
fludroxycortide,1
dtxsid201000603,1
noxiptiline,1
tricinoloneacetophenonide,1
nanamino2oxoethyl36r7r725amino124thiadiazol3yl2fluoromethoxyiminoacetylamino2carboxy8oxo5thia1azabicyclo420oct2en3ylprop2enylethylmethylazanium,0
furazolidone,0
dizocilpine,1
nandihydroxybenzoicacid,1
nsc269416,1
takle1sb590885,1
schembl4414781,1
scopolamine,1
spirilene,1
tricetamide,1
setiptiline,1
eplerenone,0
unii2v4m6abh0v,1
bmsp,1
sulfadimethoxine,0
capsaicine,0
thebaine,1
triamcinolonefuretonide,1
schembl6949469,1
oxymetazoline,0
nanfluoro5hydroxy6bhydroxyacetyl4a6a88tetramethyl344a4b566a6b9a1010a10b1112tetradecahydro2hnaphtho2145indeno12d13dioxol2one,1
cefminox,0
cholestyramine,0
sorafenib,1
schembl10031243,1
zylofuramine,1
aminosalicylicacid,0
torbugesic,1
anisotropine,0
gr94839,0
sifaprazine,1
chembl372312,1
nans72e22amino13thiazol4yl2methoxyiminoacetylamino31methyltetrazol5ylsulfanylmethyl8oxo5thia1azabicyclo420oct2ene2carboxylicacid,0
minozacfreebase,1
chembl2367803,1
ft0774985,0
femoxetineinn,1
schembl8478823,0
octreotide,0
pyrantel,0
menitrazepam,1
zinc100232310,1
ivermectin1a,1
alclometasone,1
novobiocinsodium,0
schembl1006384,1
sulphasalazine,0
lisurider,1
sarpogrelate,0
unii6v73e494fl,1
fenquizone,0
unii8z6r6e061v,1
nans3s5s8r9s10s13s14s16s17r3hydroxy1013dimethyl2morpholin4yl161prop2enylpyrrolidin1ium1yl23456789111214151617tetradecahydro1hcyclopentaaphenanthren17ylacetate,0
y30,1
desoxymetasone,1
pentylnitrite,0
nylidrin,0
levomethadylacetate,1
amlodipinebesylate,0
unii8pdi6dy6gvcomponentjejofytvmfvkqacqszacivsan,1
zinc1109,1
dichloromethane,1
levallorphan,1
methyl1s15s17s18s19s20s618dimethoxy17345trimethoxybenzoyloxy1311121415161718192021dodecahydroyohimban19carboxylate,1
zinc320,1
psorcon,1
chembl74292,0
zinc6318089,0
azepindole,1
nolpitantium,1
nicorandil,0
chembl2068761,0
finasteride,0
schembl11119364,1
chembl71237,0
fluocortolonecaproate,1
spiroxatrine,1
benztropine,1
zinc8214362,1
voglibose,0
cholecalciferol,0
propranolol,0
nanthia1azabicyclo320heptane2carboxylicacid33dimethyl7oxo44dioxide2s5r,0
benzoctamine,1
loteprednolloteprednoletabonate,1
zinc33903607,1
ncgc0018310101,1
zinc452,1
trandolapril,0
compound13,1
nans4as8asntertbutyl22s3s2hydroxy33hydroxy2methylbenzoylamino4phenylsulfanylbutyl344a56788aoctahydro1hisoquinoline3carboxamide,0
diflorasonediacetate,1
glycerolphenylbutyrate,0
piridicillin,0
loracarbef,0
zinc601234,1
paramethasoneacetate,1
tocainide,0
dimethylterephthalate,1
ozagrel,0
zinc4689,1
chloralose,1
mupirocin,0
cetocycline,0
zinc1530605,0
methylnaltrexonebromide,0
clofenciclan,1
schembl10264224,0
phensuximide,1
slicarbizine,1
uramustine,0
sulfonmethane,1
u50488,1
akos026749852,1
probenecid,1
mycophenolatemofetil,0
nefazodone,1
sflurocarazolol,1
dicumarol,0
isoflurane,1
schembl13016949,1
ethotoin,1
ergocalciferol,0
veralipride,1
dopamine,0
nanrnethyl23trifluoromethylphenylpropan1amine,1
y16,1
srnoscapine,1
bethanidinesulfate,0
spraziquantel,1
zoloperone,1
glaziovine,1
zinc2019839,1
skb30npropylacetamide33npiperidinylmethylphenoxy,1
sulfamethizole,0
cefroxadine,0
cloxacillin,0
sanisopirol,1
proxibarbal,1
zinc3876069,1
cephalexin,0
chembl1190347,1
diazepam,1
imidoline,1
schembl4729007,0
amikacin,1
doxenitoin,1
zinc169293457,1
sulbenicillin,0
indometacin,0
fluotracen,1
bambuterol,0
dofetilide,0
lascorbicacid,1
zinc9230627,0
vinorelbine,0
ks00001f6r,0
chembl12628,1
nandrolone,0
tertbutylmethylether,1
entrotigotine,1
probucol,0
dextroamphetaminedexedrine,1
imiclopazine,1
schembl15367478,0
pfizercompound14,1
promazine,1
ramixetrine,1
hydrocortisoneaceponate,1
zetidoline,1
nefiracetam,1
scopolamidescopolamine,1
mechlorethamine,0
pbromospiperone,1
octamoxin,1
ziprasidone,1
nitrofurantoin,0
ketotifen,1
mometasonemometasonefuroate,1
detorubicin,0
dexmethylphenidate,1
girisopam,1
mchrantagonist19,1
doxibetasol,1
uniix2r9qtf0olcomponentaqmnnxsldligiiaweznqclsan,1
azidamfenicol,1
clomethiazole,1
febuxostat,0
josamycin,0
diethyletherether,1
norethindrone,0
schembl18653512,1
chloroserpidine,1
piretanide,1
fursultiamine,1
trientinehydrochloride,0
cyamemazine,1
schembl20904174,1
chembl243999,1
stepronin,0
cefetametacid,0
malathion,0
nanr72z22amino13thiazol4yl2methoxyiminoacetylamino3z24methyl13thiazol5ylethenyl8oxo5thia1azabicyclo420oct2ene2carboxylicacid,0
nanhexyl5ethylbarbituricacid,1
nanpropyl344a5610bhexahydro2hnaphtho12b14oxazin9ol,1
unii3d1adw989q,1
chloroquine,1
chembl3527030,1
steniloxazine,1
cefalotin,0
bbcpd22ranitidineanalogskb34propanol33npiperidinylmethylphenoxy,1
clobetasone,1
edrophoniumchloride,0
clopimozide,1
benserazide,0
indriline,1
fenaperone,1
clonazepam,1
rilmazafone,1
levofacetoperane,1
ractranssertraline,1
org13011,1
n3hydroxy53methyl2methyl2propan2yl4thiazolylmethylaminooxomethylamino1oxobutylamino16diphenylhexan2ylcarbamicacid5thiazolylmethylester,1
alphaisomorphine,1
valepotriate,1
nans4s13dimethyl4propylpiperidin4ylphenol,1
nanbromopropanenpropylbromide,1
pipecuroniumbromide,0
cyclofenil,0
taclamine,1
bevantolol,0
sbromisoval,1
zinc665,1
schembl519404,1
phenytoin,1
haloperidol,1
clocortolonepivalate,1
barbital,1
zalospirone,1
nanar9r10ar9dimethylsulfamoylamino47dimethyl66a891010ahexahydroindolo43fgquinoline,1
benzphetaminebenzfetamine,1
bethanechol,0
nans9s10r17prop2enyl17azatetracyclo7530110027heptadeca2735trien4ol,1
alprostadil,0
dichloroacetate,1
tiospirone,1
chembl308915,0
nanmethyl3pyridyl34methylsulfonylphenyl5chloropyridine1oxide,1
morsuximide,1
zinc40163161,1
unii090de9crp1componentichhtomwwamjqpcybmujfwsan,1
skba,1
bentazepam,1
nanmethylsulfanyl1023spiperidin3ylethylphenothiazine,1
aclucinomycina,0
hexapropymate,1
dicyclomine,0
pentanamide2ethyl3methyl2s3s,1
nisobamate,1
flutoprazepam,1
nancarboxymethylenebut2en4olide,1
taurosteine,0
loreclezole,1
smethylisothiourea,1
clothiapineclotiapine,1
ciclotizolam,1
meclocycline,0
toluene,1
medetomidine,1
ifoxetine,1
cyclosporinea,1
uniiel82385c45,1
grepafloxacins,0
alphatocopherol,1
tetrachloroethylene,1
thonzonium,0
ethylloflazepate,1
chembl142158,1
zinc403682,1
ralonimid,1
fexofenadine,0
chlorzoxazone,1
nafenodone,1
quinpirole,1
clindamycinpalmitate,0
methocarbamol,1
phencyclidine,1
zinc2539624,1
tibolone,1
adefovirdipivoxil,0
lmannitol,0
cimemoxin,1
schembl3030994,1
torasemide,0
nicergoline,1
chembl1616512,1
nealbarbital,1
nanpentanol,1
rizatriptan,1
bopindolol,0
lorpiprazole,1
mometasone,1
pentiapine,1
nsc116069,0
phenethicillinpheneticillin,0
zonisamide,1
uniii8ab3p944kcomponentxazvhbvujrrlhhnrsptqnisan,1
carbenoxolone,0
ncgc0001664901,1
carbimazole,0
desmethyldesipramine,1
nanohtiq,1
befuraline,1
levobunolol,1
procinonide,1
nans5s6s62s24ethyl23dioxopiperazine1carbonylamino2phenylacetylamino33dimethyl7oxo4thia1azabicyclo320heptane2carboxylicacid,0
oxytetracyclinedihydrate,0
nanaminophenyln1r23s3hydroxypyrrolidin1yl1phenylethylnmethylacetamide,0
acetohydroxamicacid,0
schembl9781915,0
iproniazid,1
sarmoxicillin,0
unii588k80pehxcomponentklwgwdotudklktsecbinfhsan,1
gemazocine,1
labetalol,0
sudoxicam,1
meprotixol,1
nans7r7e22amino13thiazol4yl4carboxybut2enoylamino8oxo5thia1azabicyclo420oct2ene2carboxylicacid,0
amrubicin,0
brequinar,0
pipotiazinepalmitate,1
amobarbital,1
zinc9710,1
pipofezine,1
sulfisomidine,1
nanzn2aminoethoxycpentylcarbonimidoyl2methylaniline,1
unii6mdc25lqsrcomponentwtbqlhrvrkxspxqwrguyrksan,1
cgs19755,1
zinc4214112,1
picenadol,1
quetiapine,1
entacapone,1
oxilorphan,1
sertraline,1
fluocinoloneacetonide,1
cephaloglycin,0
cp29,1
methoxyflurane,1
phenoxybenzamine,0
tralonide,1
nandrolonedecanoate,0
oxaprotiline,1
hms3373j14,0
benzoylecgonine,0
schembl11350598,1
vitaminealphatocopherol,1
isoproterenol,0
tiotidine,0
enkephalin,0
nans2s2phenylcyclopentanamine,1
schembl2942739,1
deprodone,1
skbf,0
chembl476130,1
methylpentynol,1
nanr3s4s5r6r2aminomethyl61r2r3s4r6s46diamino32s3r4s5s6r4amino35dihydroxy6hydroxymethyloxan2yloxy2hydroxycyclohexyloxyoxane345triol,0
perospirone,1
iotroxicacid,0
cryofluorane,1
schlormezanone,1
zinc11592639,0
otilonium,0
eletriptan,1
levophenacylmorphan,1
amitriptylinoxide,1
ralfetamine,1
cis34dimethyl2phenylmorpholine,1
rifamexil,0
phenylsalicylate,1
triazolam,1
vinbarbital,1
uniix7yc41b666,1
tolterodine,0
gedocarnil,1
zinc6019931,1
efavirenz,0
strihexyphenidyl,1
licostinel,1
loperamide,1
mazindol,1
cinromide,1
butaclamol,1
ceftezole,0
eberconazole,0
roflurane,1
talazoparib,0
esmirtazapine,1
betamethasonedipropionate,1
formoterol,0
rimcazole,1
lorzafone,1
corticosterone,0
dm5,1
nalbuphine,1
uniiqzh7wr4vkj,1
diloxanide,0
cistranstrans124trimethylcyclohexane,1
dexamethasone,1
piperilate,1
drocinonide,1
epoprostenol,0
chembl304504,0
sulmepride,1
cimepanol,1
sucrose,0
rufinamide,1
sipatrigine,1
schembl7358680,1
mls002702124,1
dextromepromazine,1
natamycin,0
oxirane,1
carperone,1
ftcemtricitabine,0
saprisartan,0
nanchloro4propylbenzene,0
risperidone,1
nanethyl5heptyl13diazinane246trione,1
tacedinaline,1
phaclofen,1
clindamycin,0
phenylbutazone,1
schembl6230078,1
galanthamine,1
zinc100045075,0
tandospirone,1
fulvestrantrenantiomer,0
endixaprine,1
pfizercompound1,1
propylthiouracil,0
celucloral,1
mesoethambutol,1
schembl3457748,1
miglitol,0
pranlukast,0
nanmethylheptane,1
isepamicinisepamycin,0
pirfenidone,0
gentianviolet,0
nicocortonide,1
ulobetasol,1
dihydrocodeine,1
schembl24949,1
dibucaine,0
gr94839c,0
zinc2015879,1
methicillin,0
terbinafine,1
gentamicin,0
cyclazodone,1
acmc20dibf,0
pipequaline,1
methylphenidate,1
compound10b,1
cyanidin3oglucoside,1
nanscis335trimethylcyclohexylester5oxolproline,1
bazedoxifene,0
aripiprazoleabilify,1
rhydroxyzine,1
apropovir,0
tranylcypromine,1
spiradoline,1
halometasone,1
chembl1095819,1
schembl6554914,1
pravastatin,0
u88703,1
pirandamine,1
ac1nfq3w,1
nivacortol,1
nanbutyl52carboxy3thiophen2ylprop1enyl1imidazolylmethylbenzoicacid,0
halazepam,1
ipriflavone,0
benztropinebenzatropine,1
schembl25493,0
acetaminosalol,1
zinc6036855,1
zinc40163147,1
cefsulodin,0
lopinavir,0
flurandrenolidefludroxycortide,1
hms3652d17,1
duoperone,1
zinc11616368,0
fletazepam,1
zinc1677753,1
cogazocine,1
asimadoline,1
fenozolone,1
methylprednisoloneaceponate,1
nsc25141,1
sns032,1
ricasetron,1
acebutolol,1
uniike6k6jp8fpcomponentyyganuvabkdfdwgzmmtyoysan,1
chembl2111136,1
nanepiampicillin,0
nadifloxacin,0
zinc4214594,1
propene,1
arbekacin,0
compound5,0
piperidinederivatives2,1
stiripentol,1
unii2t374e8s8v,1
schembl15311037,1
cesamet,1
trihexyphenidyl,1
zinc27644005,0
phenolphthalein,0
schembl18309836,1
zinc33903721,1
bipenamol,1
candoxatril,0
azacyclonol,1
unii8xqb4do2w9,1
pyridoxal,0
imiquimod,0
chembl4085956,1
cromoglicicacid,0
b038ici17148,1
prucalopride,1
tofisopam,1
ticabesone,1
ergotamine,0
cinchonidine,1
isocarboxazid,1
fluoresone,1
akos022180860,1
akos015955743,1
oxaprozin,0
sterazosin,1
etamocycline,0
ks00000xum,0
ceftioxide,0
thiazol5ylmethyl2r5r5s232isopropylthiazol4ylmethyl3methylureido4morpholinobutanamido16diphenylhexan2ylcarbamate,0
metixene,1
rifabutin,0
abecarnil,1
grepafloxacin,0
nanmethoxy17methyl78didehydro45epoxymorphinan6ol,1
s74fluorobenzylamino8methylnonanoicacid,1
lthiamphenicol,1
cyclopropanetrimethylene,1
methanol,1
nanas348btrimethyl23adihydro1hpyrrolo23bindol7ylnphenylcarbamate,1
unii8g09z6af2tcomponentnegmmkyavynlcggfccvegcsan,1
ncistruc1000794,1
isopromethazine,1
lcisdiltiazem,0
nandeoxy2o2deoxy2methylaminohexopyranosyl3chydroxymethylpentofuranosyloxy256trihydroxycyclohexane13diyldiguanidine,0
chembl2115071,1
cloperidone,1
amphenidone,1
isoprednidene,1
etazolate,1
calusteron,0
fluoxetine,1
clopenthixolzuclopenthixol,1
nans15s15amino1methyltricyclo751027pentadeca2735trien4ol,1
pregnanoloneeltanolone,1
chembl310696,1
proscillaridina,0
oxycodone,1
vesamicol,1
schembl14685045,1
clodazon,1
gr89696fumarate,1
rofelodine,1
trizoxime,1
org4428,1
schembl19923339,1
nanr5r6s65r5amino5carboxypentanoylamino33dimethyl7oxo4thia1azabicyclo320heptane2carboxylicacid,0
s122,1
chembl3264225,1
haloprogin,0
nans3s11bsbenzquinamide,1
acmc20dhn6,1
atolide,1
endomid,1
brl52974,0
penimocyclin,0
oxacillin,1
troleandomycin,0
dualreleasehydrocortisone,1
bretazenil,1
proxorphan,1
mestranol,0
mebendazole,0
estramustine,0
denbufylline,1
rauwolscine,0
schembl2108102,1
fluspiperone,1
triamcinolonediacetate,1
schembl6949318,1
schembl13091350,1
propantheline,0
metaxalone,1
rcarbocloral,1
zinc118913190,1
samixetrine,1
pfizercompound11,1
salfetamine,1
brl52580,0
nans72cyanomethylsulfanylacetylamino7methoxy31methyltetrazol5ylsulfanylmethyl8oxo5thia1azabicyclo420oct2ene2carboxylicacid,0
sdonepezil,1
pregnenolone,1
zinc3830479,1
dltryptophan,1
locacorten,1
carbamazepine,1
scarbenzide,1
oxiconazole,0
nintedanib,0
nanqju,1
sulforidazine,1
bufotenine,0
dorzolamide,0
prazocillin,0
nans4as7s7as12br9methoxy3methyl244a77a13hexahydro1h412methanobenzofuro32eisoquinolin7ol,1
nandiethyl36ar9s7methyl466a7891010aoctahydroindolo43fgquinolin9ylurea,1
zinc1530907,1
lufuradom,1
nalmexone,1
tolufazepam,1
schembl4092521,0
schembl6556766,1
melphalan,1
sfuromazine,1
alfacalcidol,0
desonide,1
metofenazate,1
pentagastrin,0
cyclosporina,1
zinc3830427,0
chlortetracycline,0
propicillin,0
biotin,1
nitazoxanide,0
nans2rr3r221ethoxycarbonyl3phenylpropylamino1oxopropyl1234tetrahydro67dimethoxy3isoquinolinecarboxylicacidmonohydrochloride3s2rr3r221ethoxycarbonyl3phenylpropylamino1oxopropyl1234tetrahydro67dimethoxy3isoquinolinecarboxylicacidmonohydrochloride,0
gemcitabine,0
milipertine,1
n3dimethylaminopropylnethylcarbamoyl7prop2enyl66a891010ahexahydro4hindolo43fgquinoline9carboxamide,1
piminodine,1
proglumide,0
clevudine,0
moricizine,0
zinc245204572,0
unii6mdc25lqsrcomponentwtbqlhrvrkxspxghmzboclsan,1
chlorhexadolchloralodol,1
lirequinil,1
chembl401446,1
imatinib,0
compound14b,1
alphacetylmethadol,1
nanr7s3acetyloxymethyl72z2furan2yl2methoxyiminoacetylamino8oxo5thia1azabicyclo420oct2ene2carboxylicacid,0
chembl385336,1
fengabine,1
bqc3mqi0hr,1
sulfadiazine,1
lubiprostone,0
cetotiamine,1
carteolol,1
vinpocetine,1
nomelidine,1
mezilamine,1
monoctanoin,0
inaperisone,1
thiamphenicol,1
dicethiamine,1
estazolam,1
liv21,1
uniiu49lid4uyjcomponentokackalpxhbemaxamccfcmsan,1
tetrazepam,1
cycloserine,1
rdiethylpropion,1
procaine,1
chembl255025,1
irinotecan,0
isepamycin,0
zinc8035456,0
setodolac,0
iopamidol,0
mibefradil,0
uniiw8rd4n93r2componentqvfwzncvpcjqopritpcoansan,1
nans1methyl16azatetracyclo76102701015hexadeca246101214hexaene,1
betahistine,1
ticrynafen,0
tauroursodeoxycholicacid,0
zinc27638664,1
diphenylpyraline,1
ethypicone,1
delavirdine,0
rtoloxatone,1
thc,1
carisoprodol,1
bupivacaine,0
oacetylcarnitinium,0
nanas348btrimethyl23adihydro1hpyrrolo23bindol7ylnmethylcarbamate,1
everolimusrad001,1
netilmicin,0
styrene,1
suclofenide,1
pxylene,1
schembl2301780,1
chembl69942,0
deferoxamine,0
cinalukast,0
moclobemide,1
fencamfamin,1
setazepine,1
rodorubicin,0
zinc2020042,0
oseltamivir,1
prideperone,1
divaplon,1
chembl1617862,0
clobetasolpropionate,1
pipobroman,0
cyclacillin,0
lactitol,0
tz17,0
cefotaxime,0
uniin1rx70k36ccomponentdrvzfwzgqkghqooyuwmtpxsan,1
capecitabine,1
ceftriaxone,1
sunepitron,1
pinacidil,0
schembl13198079,1
zinc1704297,1
nasalide,1
cgp37849,1
nanr3s2ethyl3methylpentanamide,1
bremazocine,1
chembl252103,1
alimemazine,1
fluperolonefluperoloneacetate,1
benzquinamide,1
yg19,0
prednisolonehemisuccinate,1
lymecycline,0
sanfetrinem,0
nanoctene,1
phthalylsulfathiazole,0
docetaxel,0
edaravone,1
nanchloro9fluoro1117dihydroxy16methylpregna14diene320dione,1
flutrimazole,0
gepirone,1
carphenazine,1
fenclofenac,1
schembl72140,0
schembl2177081,0
cefoxazole,0
schembl2108206,1
demeclocycline,0
sdoxazosin,1
lometraline,1
cefamandole,0
mesalamine,0
nanbisacetyloxy161methylpiperidinium1yl2piperidin1ylandrostane,0
atevirdine,1
thiabendazole,0
phenoxypropazine,1
zinc8101062,1
mepyramine,1
tertbutylbenzene,1
cianopramine,1
oxamniquine,0
nandibromo16dideoxyhexitol,0
diflucortolone,1
benzene,1
mepyraminepyrilamine,1
homprenorphine,1
paraxanthine,1
ampyzine,1
fosmidomycin,0
isosorbidemononitrate,0
ethambutol,0
colestipol,0
procainamide,0
nans3carbamoyloxymethyl72e2furan2yl2methoxyiminoacetylamino8oxo5thia1azabicyclo420oct2ene2carboxylicacid,1
biosone,0
zinc2037958,1
pancuroniumbromide,0
naniodophenyl4isopropylpiperazine,1
zinc1150,1
pfizercompound24,1
ciprocinonide,1
mefeclorazine,1
lortalamine,1
medazepam,1
nanmethylpropanol,1
zinc26892366,0
uniii47khr6imv,1
doxazosinmesylate,0
dienestrol,0
uniid8xjm5vp3f,1
lornoxicam,1
amsacrine,0
l005144,1
rifametane,0
trofosfamide,0
benactyzine,1
cormetasone,1
etacepride,1
zinc40163079,1
buprenorphine,1
emetinehydrochloride,0
clemastinum,1
chembl151192,0
fenofibrate,0
estradiolvalerate,0
chembl1161461,0
mefenidil,1
ketorfanol,1
flunarizine,1
pristinamycinia,0
nanbutadienedivinyl,1
zinc25547986,1
nans2rmetaraminol,0
uniit8y60nc0y2,1
ft0668754,1
clothixamide,1
crizotinib,0
prednicarbate,1
chembl1620938,0
dihydroergotamine,0
unii3042he9he8,1
amcinafide,1
tizanidine,1
benzoylperoxide,0
nandichloroethane,1
benzonatate,0
estrone,0
besipirdine,1
schembl20815730,0
methadone,1
nitrousoxide,1
s118,1
nanmethylhexane,1
ticalopride,1
fominoben,0
nanpyrimidinylpiperazine,1
nuo8nhr7wb,1
nanhydroxyalphamethyldltyrosine,0
hydrocortisonecypionatehydrocortisonecipionate,1
zinc38147281,0
hydantoin,1
gammahydroxybutyricacid,1
zinc2038507,1
tetrahydropalmatine,1
levopropoxyphene,1
fluperoloneacetate,1
piroxicam,0
crotetamide,1
schembl1005144,1
rilapine,1
loteprednol,1
unii3ggr48an0z,1
dantrolene,0
alphadddc,0
clopenthixol,1
sotalol,1
uniic1846n9avwcomponentvezxeowxhfhyhcfboqahmbsan,1
trioxsalen,0
piperidinederivatives3,1
camphor,1
nanamphetaminoethyltheophyllinefenetylline,1
brosotamide,1
uniiw133552kfe,1
skbh,0
timolol,0
cinuperone,1
pivagabine,1
pidolacetamol,1
nuclotixene,1
sb205605,0
cormetasoneacetate,1
swarfarin,0
brinzolamide,0
nandichloroethaneethylidenechloride,1
bacmecillinam,0
etymemazine,1
chembl304168,0
aprobarbital,1
zinc4213203,1
acemetacin,0
chembl71781,1
paramorfan,1
sulfoxone,0
compound26,1
cytarabin,1
alpidem,1
ncgc0016049901,1
schembl6584053,1
acevaltrate,1
chembl2218915,1
raloxifene,0
schembl11084330,1
apomorphine,1
nanethyl5pentylbarbituricacid,1
ceftriaxonesodium,0
nimesulide,0
uniiu49lid4uyjcomponentokackalpxhbemaodanahcnsan,1
proglumetacin,0
nanbromopropane,1
levocarnitine,0
lobeline,1
propyliodone,0
schembl180549,0
diacetylmorphine,1
acetorphanracecadotrilandecadotril,1
trifluomeprazine,1
prednisolonesteaglate,1
tianeptine,1
cefcaneldaloxate,0
butoctamide,1
ornidazole,1
racemictamsulosin,0
felbamate,1
mecamylamine,0
deflazacort,1
methylparafynol,1
succimer,0
schembl1240370,1
dimethindene,1
schembl6695569,1
chlorpromazine,1
pirbenicillin,0
acarbose,0
naranol,1
digoxin,0
cericlamine,1
sulfamerazine,0
terguride,1
zinc5116499,1
doxorubicinepirubicin,0
pregnanolone,1
takle2l779450,1
propafenone,0
sematilide,0
gnfpf138,0
cropropamide,1
uniil2gwr3us1gcomponentqqwlxnmppfcvcdvifpvbqesan,1
dimercaprol,0
tepirindole,1
unii13w6wjx09r,1
metopon,1
ssibutramine,1
levothyroxine,0
mirincamycin,0
rprofenamine,1
sprolintane,1
dabelotines,1
fenbutrazate,1
trebenzomine,1
ncgc0015946102,1
unii5z48onn38pcomponentqhzqilhujdrdaiywzlykjasan,1
ketorolac,0
alphameprodinebetameprodine,1
homopipramol,1
zinc136,1
pfizercompound18,1
chembl1243269,1
flerobuterol,1
akos024419646,1
flavopiridol,1
fluorometholoneacetate,1
misoprostol,1
va10527,0
cyclindoleciclindole,1
chembl400001,1
gramicidins,0
triclacetamol,1
lincomycin,0
cotinine,1
flufenamic,0
hexapradol,1
alosetron,0
cormethasoneacetatecormetasoneacetate,1
oxyloneacetate,1
ciclopirox,0
olopatadine,0
talinolol,0
ml,1
sremoxipride,1
arecoline,1
propacetamol,1
nandimethylamino2methylpentan3ylphenol,1
thebacon,1
nitrocycline,0
aptazapinemaleate,1
pd117302,1
haloxazolam,1
fepitrizol,1
frovatriptanracemate,1
tymazoline,0
prednival,1
flucloxacillin,0
lintrain55,1
lucanthone,0
mitoxantrone,0
protriptyline,1
lisinopril,0
ibutilide,0
mephenytoin,1
bupropionzyban,1
equilin,0
brofaromine,1
erizepine,1
zolazepam,1
zinc22942024,1
compound6h,1
hydroxyzine,1
piribedil,1
loratadine,1
dipyridamole,1
flutomidate,1
skbg,0
pipamperone,1
nacetyldglutamine,1
azathioprine,0
ceftibuten,0
compound34,0
pentaerythritoltetranitrate,0
astemizole,1
nitisinone,0
spiclamine,1
saccharin,1
naproxen,1
erythromycinpropionate,0
nifekalant,0
y17,1
zinc95093058,0
intriptyline,1
temoporfin,0
bithionol,0
papaverine,0
terbutalinesulfate,0
methylacetate,1
gentamicinc1a,0
cannabidiol,1
uniiwjm15a06j6,1
mifepristone,0
dropropizine,0
nanamino12r5r5hydroxymethyl25dihydrofuran2yl5methylpyrimidin2one,1
lisoascorbicacid,1
sb205563,0
pirazolac,0
sfenoprofen,1
unii9lyo5fuo7p,1
trometamol,0
tertamylmethylether,1
zinc3830926,0
isopropylacetate,1
metharbital,1
granisetron,1
bentiromide,0
pristinamyciniia,0
nandihydro1hpyrrolizine35dione,1
diprenorphine,1
loteprednoletabonate,1
cloticasone,1
roxiracetam,1
spiroxepin,1
cefalonium,0
amcinafal,1
bilastine,0
oxymorphone,1
fluradoline,1
cinperene,1
aceperone,1
nans72e22amino13thiazol4yl2methoxyiminoacetylamino3furan2carbonylsulfanylmethyl8oxo5thia1azabicyclo420oct2ene2carboxylicacid,0
methylergonovine,0
benzeneaceticacid413dihydro1oxo2hisoindol2ylaethyl,1
conorfone,1
cyclizine,1
nanhydroxymidazolam,1
disulfiram,0
pdsp1001538,1
toloxychlorinol,1
levodopa,1
reserpine,1
tamoxifen,1
buthiazide,0
nalmefene,1
dlalanine,1
diproleandomycin,0
ributilide,1
morphinan3ol172oxo2phenylethyl,1
phenylntertbutylnitrone,1
bz3,1
sabeluzole,1
ceftizoxime,0
ctk7f4431,1
gemfibrozil,0
atovaquone,0
alaptide,1
chembl190860,1
ajmaline,0
zinc1846165,1
efetozole,1
bbcpd19ranitidineanalog,1
schembl120952,1
selegiline,1
elacridar,0
choline,1
codeine,1
northioridazine,1
cefoxitin,0
paramethadione,1
timobesoneacetate,1
penicillamine,0
rmetomidate,1
paricalcitol,0
acefurtiamine,1
cefotetan,0
fluciprazine,1
pfizercompound6,1
propylacetate,1
ecenofloxacin,0
lhyoscyamine,1
zinc3977873,0
zinc375,1
chembl239299,1
sarecycline,0
citenamide,1
betacyclazocine,1
uniiu73hjz98fz,0
zinc1678256,1
vincristine,0
menadiol,0
ramelteon,1
oxazolam,1
lenapenem,0
chembl306438,0
hesperetin,0
renflurane,1
ezogabine,1
dazadrol,1
uniiafh280ecx3,1
schembl10844792,0
fluprednisolone,1
elegas,1
levometiomeprazine,1
benzamide,1
nanr23hinden4yloxymethylmorpholine,1
zinc3203071,1
decimemide,1
sesamol,1
endomide,1
lupitidineyg5skf93479,0
nanethyl51methylbutenylbarbituricacid,1
sulfamethoxypyridazine,1
carmantadine,1
chembl149268,1
nsc606170,0
chlorothiazide,0
tenilsetam,1
vecuroniumbromide,0
adatanserin,1
chembl343404,1
cetohexazine,1
cefpodoxime,0
levopromazine,1
procyclidinehydrochloride,1
moxalactam,0
trimopam,1
bisoprololfumarate,0
mepiprazole,1
schembl20840151,0
nanethyl2hydroxy52spentan2yl13diazinane46dione,1
zinc5161502,0
zinc3830429,0
fenethylline,1
tirapazamine,0
ritanserin,1
metapramine,1
alletorphine,1
risedronate,0
methcillin,0
clomocycline,0
inostral,0
tiprdcka,1
nannonene,1
etasuline,1
mitotane,0
nitrafudam,1
flurazepam,1
lopach3146,1
uniirr2f99e79b,1
edta,0
psilocybine,1
chembl244000,1
nr2phenylbutanoylurea,1
colistinsulfate,0
chembl433033,1
tracazolate,1
clotrimazole,0
escitalopram,1
compound9,0
leuprolide,0
butriptyline,1
iodoantipyrine,1
halothane,1
tioperidone,1
methimazole,0
ticagrelor,0
smianserin,1
mizolastine,0
nans7r71s1carboxy3phenylpropylamino6oxo123478910octahydropyridazino12adiazepine4carboxylicacid,0
schembl13026158,1
ac1mmxuk,0
nandiisopropylamino1phenylpropyl4hydroxymethylphenylisobutyrate,1
nanmethylethylcyclohexylcarbonylamino3phenylpropanoicacid,0
oleandomycin,0
ritipenemsodium,0
etryptamine,1
sunitinib,1
revospirone,1
srofelodine,1
st363,1
fluocortin,1
chembl62879,1
phenobarbital,1
meclofenoxate,1
nilotinib,0
dicarbine,1
mephobarbitol,1
prednisolone,1
soxaflozane,1
lopirazepam,1
butoconazole,0
monometacrine,1
tobicillin,0
fr260010,1
mchrantagonist2,1
nans8s9r10s11r13s14s16s17s69difluoro111617trihydroxy172hydroxyacetyl1013dimethyl6781112141516octahydrocyclopentaaphenanthren3one,1
troxipide,0
schembl1643537,1
panadiplon,1
phenprocoumon,0
nans7s722amino13thiazol4yl2methoxyiminoacetylamino32methyl56dioxo1h124triazin3ylsulfanylmethyl8oxo5thia1azabicyclo420oct2ene2carboxylicacid,0
zinc1530991,0
domoprednate,1
nandemethylepipodophyllotoxin946oethylidenebetadglucopyranoside,0
piperazinederivatives7,1
metoclopramide,1
axitinib,0
benzylbenzoate,0
tienocarbine,1
nisoldipine,0
halofantrinehydrochloride,0
medifoxamine,1
sultopride,1
nanr4as10as3diethylsulfamoylamino6hydroxy1propyl344a51010ahexahydro2hbenzogquinoline,1
r74fluorobenzylamino8methylnonanoicacid,1
chembl1907165,0
chebi568657,1
bufuralol,0
chlorambucil,0
hexafluronium,0
zinc58438005,1
chembl3577583,1
bufenadrine,1
ceftizoximealapivoxilky020,0
valinegramicidina,0
prednisoloneacetate,1
tofenacin,1
acalabrutinib,0
dexindoprofen,1
triamcinolonebenetonide,1
prulifloxacin,0
vancomycin,0
benfotiamine,1
methdilazine,1
pazopanib,1
modrastane,0
ramedalin,1
rpentobarbital,1
irie13b,1
minaxolone,1
schembl25856,1
zinc12359050,1
zinc31623378,1
dichlorisone,1
clofluperol,1
salicyclicacid,0
akos030241499,1
methacycline,0
nafcillinsodium,0
tixocortolpivalate,1
chembl251953,1
zinc20137760,1
chembl71375,1
zinc2031526,1
nanhexadecanol,0
tertbutylcyclohexane,1
schembl2473545,1
isocodeine,1
fentanyl,1
sch23390,1
axamozide,1
benfluorex,0
nanmethyl1butanol,1
quercetin,0
zinc1842729,1
bentiamine,1
zinc5447609,1
talbutal,1
leflunomide,0
proquazone,0
schembl11222377,1
uridine52bromoethenyl,0
bemegride,1
amylenehydratetertiaryamylalcohol,1
uniih0x939rx9wcomponentanpjdcdlxknspslbprgkrzsan,1
acetyloxyvalepotriate,1
trimethoprim,1
nanr9s2carbamoyl9tricyclo940038pentadeca1153571113hexaenylacetate,1
cicortonide,1
kanamycinb,0
pheneturide,1
schembl3299566,0
teflurane,1
arfendazam,1
cephalosporinc,0
ncgc0001692801,0
bekanamycin,0
sb222200,1
pipemidic,0
ici199441,1
dycloninehydrochloride,0
fusidicacid,0
schembl680675,1
nans8s6tertbutyl3azapentacyclo1181038092201621docosa9111322161820hexaen6ol,1
pacetamidophenol,1
methane,1
clidiniumbromide,0
chlormethiazole,1
vorozole,1
robalzotan,1
nans9r72r4r6s4amino6methyloxan2yloxy6911trihydroxy92hydroxyacetyl4methoxy810dihydro7htetracene512dione,0
balsalazide,0
ketamine,1
nandimethylpiperidin1ium4yl2r3r3methyl2phenylpentanoate,0
fantridone,1
etiracetam,1
batelapine,1
dpdpe,1
prothipendyl,1
clidafidine,1
minaprine,1
schembl10974577,0
timiperone,1
uniiw30o8i2c4v,1
sfexofenadine,0
schembl3894722,0
zaltidine,1
nans72e22amino13thiazol4yl2methoxyiminoacetylamino8oxo5thia1azabicyclo420oct2ene2carboxylicacid,0
promoxolane,1
vocamine,0
zinc102036582,1
b066skb42,1
zinc1481742,1
lamivudine,0
stamsulosin,1
sulfathiazole,0
zinc11615961,1
recinnamine,0
phenazocine,1
levoprotiline,1
schembl2015784,0
erdafitinib,0
taclamineinn,1
daledalin,1
caffeine,1
lopacs159,1
schembl11851060,0
nialamide,1
acn036954,1
schembl4812946,0
esorubicin,0
pyrvinium,0
fenimide,1
mls003373964,0
nitroglycerin,0
tocris1622,1
butikacin,0
flumethasoneflumetasoneanddiflorasone,1
acetyldigitoxin,0
lormetazepam,1
fluocortinbutyl,1
nanr9r10s11r13r14r17s1117dihydroxy172hydroxyacetyl1013dimethyl7891112141516octahydro6hcyclopentaaphenanthren3one,1
halopemide,1
chembl306665,0
bacampicillinhydrochloride,0
flutroline,1
rrivastigmine,1
nanamino2aminomethyl646diamino23dihydroxycyclohexyloxyoxane34diol,0
triamcinoloneacetonide,1
repaglinide,0
isoflupredoneacetate,1
nandimethoxyphenylethyl432iodophenylpropylpiperazine,1
db086784,1
demexiptiline,1
amethopterin,0
dlmorphan,1
acrocinonide,1
forasartan,0
nandimethyl1piperazinylpropylcarbazole,1
tolquinzole,1
ectylurea,1
rifampicin,0
fludrocortisoneacetate,1
tiomergine,1
betamethasoneacetatedexamethasoneacetate,1
uniif4er8z6q3ucomponentftjlktblzoulclgosisdbhsan,1
sodiumtetradecylsulfate,0
eticyclidine,1
chlorphenoxamine,1
etoposide,0
methantheline,0
eprosartan,0
b057,1
alentemol,1
unii37z869546b,1
indolapril,0
zinc3831470,0
cloticasonecloticasonepropionate,1
schembl15159761,1
cycloguanil,0
perlapine,1
hydrocortisonebuteprate,1
lisuride,1
atropineoxide,1
r82913,1
schembl3297328,0
flucloroloneacetonide,1
elopiprazole,1
cefprozil,0
gestrinone,0
rivastigmine,1
dphenylalaninelproline,1
clioquinol,0
xylometazoline,0
norcodeine,1
velnacrine,1
pfizercompound23,1
unii4rh62fxm4m,1
zinc4212927,1
morpholine3methyl2phenyl2r3s,1
roxoperone,1
sarpicillin,0
halopredonehalopredoneacetate,1
fenpentadiol,1
nanr32ethoxyphenoxymethylmorpholine,1
tienopramine,1
nane3e23bis4hydroxyphenylmethylidenebutanedinitrile,0
tolmesoxide,1
schembl37920,0
sb239063,0
astromicin,0
tazobactam,0
nanacetyloxymethyl42amino36dihydropurin9ylbutylacetate,1
schembl27178,0
unii5efs516hk3,1
udenafil,0
bosutinib,0
org5222,1
rglutethimide,1
hydrocortisonevalerate,1
hydrocortamate,1
ncgc0001675801,1
bisbentiamine,1
flecainideacetate,0
tenoxicam,0
methsuximidemesuximide,1
s113amitryptalline,1
zinc3830519,1
iodoquinol,0
perisoxal,1
timobesone,1
alozafone,1
ncgc0018115101,0
myrophine,1
rosaramicin,0
alphamethadol,1
methylcyclohexane,1
zinc1481925,1
nandihydrocarbamazepine,1
tacrinecognex,1
zinc263584296,1
flutamide,0
sb204454,0
ivermectinii,0
butacetin,1
thymidinealphaalphatrifluoro,0
sb656104a,1
zinc426,1
uniig4px8c4hkv,1
ft0675254,1
desmonomethylpromazine,1
nanbutanol,1
fg8205,1
zinc136443,1
nsc169534,1
decamethonium,0
gevotroline,1
ophthalmadine,0
mezlocillin,0
cyheptamide,1
chembl147619,1
rcotinine,1
indolebasedmchr1antagonist7a,1
chembl8197,1
fropenemfaropenem,0
mesoridazine,1
chembl432527,1
levacetylmethadol,1
cefuroximepivoxetil,0
alpha4pyridyl1oxidentertbutylnitrone,1
chembl382773,1
climazolam,1
temozolomide,1
bbcpd21,1
trans12dichloroethylene,1
paroxetine,1
bisorcic,1
felbinac,0
phenserine,1
hidroxiestilbamidina,0
aldosterone,0
zinc169341273,1
methitural,1
nandrobolic,0
trimetozine,1
heptane,1
flesinoxan,1
zinc669,1
sufentanil,1
hydrocortisonecypionate,1
perphenazine,1
bbcpd18ranitidineanalog,1
nsc256439,0
schembl25227,1
urethane,1
rprocyclidine,1
m2l663581,0
fluticasone,1
brl53080,1
brallobarbital,1
chembl73284,1
antrafenine,0
eszopiclonelunesta,1
baclofen,0
propan2oneacetone,1
schembl8923875,0
dexverapamil,1
desacetylvinblastineamide,0
nanthia1azabicyclo320heptane2carboxylicacid62amino214cyclohexadien1ylacetamido33dimethyl7oxod,0
crilvastatin,1
pethidine,1
perflubron,0
nandimethyl7oxo62phenoxypropanoylamino4thia1azabicyclo320heptane2carboxylicacid,0
chlorthenoxazine,1
zinc5320256,1
triclabendazole,0
imipenem,0
cefedrolor,0
unii6mdc25lqsrcomponentwtbqlhrvrkxspxmnovxskesan,1
compound4fi,1
mevastatin,1
s121,1
schembl448850,1
almecillin,0
schembl4820,0
trilostaneusanbaninnjan,0
schembl4401823,0
schembl20808854,1
silodosin,0
fauc113,1
clomipramine,1
guamecycline,0
zinc13783337,0
bcnu,1
glibenclamide,1
desmethylclobazamnorclobazamnordiazepam,1
trazodone,1
progesterone,1
zopiclone,1
nanr5chloro2oxo3thiophene2carbonyl3hindole1carboxamide,1
schembl5951410,0
trepipamtrimopam,1
nandimethylaminoethylamino17demethoxygeldamycin,1
benzoylmethylecgonine,1
buclizine,1
trametinib,0
voriconazole,0
atenolol,0
bromodiphenhydramine,1
chembl492193,1
bephenium,0
oxifentorex,1
schembl7721982,1
parapropamol,1
schembl147024,1
betameprodine,1
schembl19274001,1
ciprazafone,1
deserpidine,1
fosfomycin,1
etretinate,0
cinoctramide,1
phenelzine,1
chembl195725,1
ethomoxane,1
temelastine,0
thozalinone,1
cidofovir,0
phenformin,0
db051804,1
mefenamicacid,0
chembl3989733,1
ks00000jxh,1
dexoxadrol,1
zinc486,0
amantadine,1
salicylicacid2hydroxybenzoicacid,0
elfazepam,1
roscovitine,1
amiodarone,0
deferasirox,0
niacin,0
unii3t29053xgscomponentauvlzbktwscaimnshdsacasan,1
ethanolamineoleate,0
zanamivir,0
nans5s6s33dimethyl7oxo62r2phenoxybutanoylamino4thia1azabicyclo320heptane2carboxylicacid,0
bibr1048,0
monohydroxyl663581metabolite,0
propiomazine,1
nadolol,0
hopantenicacid,1
pemetrexed,0
zinc3830565,1
ilepcimide,1
cyclindole,1
glisolamide,0
chembl213760,1
furomazine,1
nanboronophenylalanine,1
nanr7s3acetyloxymethyl72cyanoacetylamino8oxo5thia1azabicyclo420oct2ene2carboxylicacid,0
ncgc0018499901,1
tafenoquine,0
benzthiazide,0
tiaprofenic,0
rifampinrifampicin,0
doxofylline,0
moxonidine,1
loperamide1,1
flomoxef,0
sulconazole,0
iopanoicacid,0
zinc136464202,0
lovastatin,1
zfluvoxamine,1
zinc4537463,1
lopacb019,0
nanaminopiperidin1yl7but2yn1yl3methyl14methylquinazolin2ylmethyl1hpurine263h7hdione,0
acrivastine,0
tazomeline,1
ranisopirol,1
unii6dzb018428componentugzakkmlmjitlllbprgkrzsan,1
flumazenil,1
s120,1
darunavir,0
smiconazole,1
nanchlorophenylpyridin2ylmethoxypiperidin1ylbutanoicacid,0
oxcarbazepine,1
gluconolactone,0
ly2066948,1
y22,0
nelarabine,0
nanslatanoprost,0
sulfalene,0
sb277011a,1
sulfamethoxazole,1
isothamineprofenamine,1
nnorcodeine,1
rmeptazinol,1
enalaprilat,0
carburazepam,1
uniia41z78sd75componentipvvzyzttkhxkkwcqgtbresan,1
lubeluzole,1
biddgt0410,1
gramicidins3,0
gramicidinj2,0
rcitalopram,1
mezepine,1
dexamethasone21acetate,1
levorphanol,1
propofol,1
bazinaprine,1
adenosinetriphosphate,0
fenadiazole,1
rhalothane,1
indinavir,1
revaprazan,1
zinc100125124,1
bemetizide,0
mofegiline,1
nanalphamethyldihydrotestosterone,0
hepzidine,1
diltiazem,1
etamiphyllin,1
ft0675704,0
nanxi11beta14xi16alpha921dichloro11hydroxy16methyl320dioxopregna14dien17ylfuran2carboxylate,1
nisoxetine,1
cefdaloxime,0
raptazapine,1
amdinocillin,0
methotrexate,0
stacofylline,1
amifostine,0
mesna,1
nicodicodine,1
dapsone,0
diclofenac,0
schembl3454549,1
smethocarbamol,1
quinagolide,1
midaflur,1
fluoromisonidazole,1
pilocarpine,0
doliracetam,1
mmv004168,1
triacetyl6azauridine,0
valproatepivoxil,1
valperinol,1
enttestosterone,1
nanmethoxy236trimethylphenyl37dimethylnona2468tetraenoicacidethylester,0
chlorobutanol,1
epicorticosterone,1
zinc1481917,1
declopramide,1
tametraline,1
schembl12202591,1
aclarubicin,0
chembl71759,0
tramadol,1
zinc1708378,1
ltryptophan,1
uniih1c5f0k79ecomponentqmkrartvxmqobwqmmmgpobsan,1
meclorisone,1
ncgc0016456001,1
sevoflurane,1
prolintane,1
elanzepine,1
ncgc0001661701,1
rnorfenefrine,0
cyproterone,0
diflucortolonepivalate,1
mls002694856,0
zinc100014943,1
dydrogesterone,0
fluprednidene,1
ralpiropride,1
piperacillin,1
uldazepam,1
ketanserin,1
morphinan3ol172phenylethyl,1
dibenzepin,1
cis2phenylcyclopropylamine,1
cefluprenam,0
rmeprotixol,1
nanhydroxytryptamine5htreceptorligand1b,1
nandiethylaminopropyl1r2s4r2phenylbicyclo221heptane2carboxylate,1
z22chloro104methylpiperazin1yl5hdibenzoad7annulen5ylideneacetonitrile,1
jhw007,1
dolasetron,1
atibeprone,1
zinc2045117,1
clonidine,1
bdbm86425,0
nandichloroindazol1ylethanamine,1
ranitidine,0
pantoprazole,0
fluprednisolonevalerate,1
zinc40017477,1
valdetamide,1
tripelennamine,1
thiamine,0
thiamphenicolracefenicol,1
cilobamine,1
taglutimidebiglumide,1
meperidine,1
glycerol,1
piracetam,1
lenampicillin,0
endrysoneendrisone,1
nanhexyl44iodophenylpiperazine,1
nbenzyl4r4aminomethylpyrrolidin2one,1
vinylbital,1
unii52o0w2o5se,1
verapamil,1
nmethylthiazoliumdcka,1
flucindol,1
dronabinol,1
nanpyrrolidinedione1methyl3phenyl3s,1
gallaminetriethiodide,0
dtxsid801001097,0
caproxamine,1
endrysone,1
n1phenylpropan2ylhydroxylamine,0
nanr9s10r17cyclopropylmethyl3hydroxy17azatetracyclo7530110027heptadeca2735trien13one,1
gatifloxacin,0
saripidem,1
mimosine,0
sorciprenaline,1
trimethobenzamide,1
lsm5621,0
vildagliptin,0
sulfisoxazoleacetyl,0
bisacodyl,0
unii1287u42u7j,1
amfetamine,0
abacavir,1
rifapentine,0
zinc17128047,1
lorcinadol,1
fenmetozole,1
fluanisone,1
prothionamide,1
i1,1
nandimethylcyclohexane,1
atomoxetine,1
acetylmethadollevacetylmethadolalphacetylmethadolbetacetylmethadol,1
azatadine,1
pristinamycinic,0
unii63z1842q5i,1
loviscol,0
nandioxopregna46dien17ylacetate,0
azabuperone,1
cyclobenzaprinehydrochloride,0
demoxepam,1
imipenem1wasser,0
dirithromycin,0
pfizercompound21,1
nandiphenylbut1enylphenoxynndimethylethanamine,1
tolazoline,1
sbb079053,0
nanaminopropylphenol,0
disopyramide,0
fluocinolone,1
naphazoline,0
soxamniquine,1
gr94839a,0
litracen,1
nanmethyl3371115tetramethylhexadec2enylnaphthalene14dione,0
eprobemide,1
ciprocinonida,1
cutisterol,1
saptazapine,1
b049,1
chembl118865,1
amidapsone,1
clofexamide,1
schembl7256803,1
beloxepin,1
uniio83b33q2lt,1
cefuracetime,0
satigrel,0
racemethorphan,1
betahistineyg14,1
rufloxacin,0
pentylenetetrazolemetrazole,1
nans2aminon2s3r4r6s3hydroxy2methyl61s3r3512trihydroxy32hydroxyacetyl10methoxy611dioxo24dihydro1htetracen1yloxyoxan4yl4methylpentanamide,0
litoxetine,1
ondansetron3s,1
trovafloxacin,1
quinethazone,0
mefloquine,1
gr94839i,0
lopacr0758,1
neflumozide,1
fluocinonide,1
mitomycine,0
losigamone,1
r5256diethyl23dihydro1hinden2ylamino1hydroxyethyl8hydroxyquinolin21hone,0
schembl4036207,1
chembl18101,1
milnacipran,1
nemonapride,1
chloralodol,1
zinc5439905,1
thioperamide,1
vasopressin,0
omeprazole,1
antibioticmx2,1
flupirtine,1
amfetaminil,1
chembl244205,1
sedecamycin,0
nanr3r11br21r67dimethoxy1234tetrahydroisoquinoline1ylmethyl3ethyl910dimethoxy1346711bhexahydro2hbenzoaquinolizine,0
cp102,0
lofendazam,1
nans3sn2methyl6propan2yloxy13benzothiazol5ylmethyl2phenylpiperidin3amine,1
pfizercompound17,1
thiopropazate,1
didanosine,0
acetaminophenpacetamidophenol,1
reclazepam,1
lacidipine,1
chembl63427,1
azacytidine5,0
acipimox,1
phenmetrazine,1
modaline,1
schembl18285121,0
chembl222944,1
suplatast,0
difenoxin,0
imipramine,1
clorgiline,1
rolitetracycline,0
quininesulfate,0
ketoprofen,1
sorbinil,0
nans4s3ethenylpiperidin4ylpropyl6methoxyquinoline,1
zinc2053,1
gliclazide,0
acitretin,0
antipyrineok,1
zinc2007119,1
unii68t333a22u,1
nanbutyl5ethylbarbituricacidbutethal,1
homofenazine,1
pentosanpolysulfate,0
schembl1588339,1
arglabin,0
fc1ccccc1ccccn1ccccc1c1ccccc1cloo,1
mecoprop,1
bosentan,0
ketoconazole,1
cefoselis,0
xanomeline,1
fluotracene,1
piritrexim,0
schembl4942866,1
clidinium,0
tacrolimus,0
sbunitrolol,1
nanr1methylpiperidin2ylethyl2methylsulfanyl10hphenothiazine,1
leurubicin,0
zinc31297920,1
norepinephrine,0
chembl70250,0
nandemethoxyadriamycinhcl,0
uniia6vhz79d4o,1
mazipredone,1
carbetapentane,0
aspartame,0
nanr4ar7as12br3cyclopropylmethyl4a9dihydroxy24567a13hexahydro1h412methanobenzofuro32eisoquinolin7one,1
hydrocortisone,0
rifaximin,0
felodipine,0
chembl3707296,1
sulindac,1
keforal,0
estropipate,0
cicletanine,0
benzaprinoxide,1
vardenafil,0
algestone,1
schembl2734225,1
ipodate,0
ertugliflozin,0
nantetrachloroethane,1
erythromycinethylcarbonate,0
zinc5062865,1
ridogrel,1
fludara,0
toremifene,0
nanr4as7ar12bs4a9dihydroxy3prop2enyl24567a13hexahydro1h412methanobenzofuro32eisoquinoline7one,1
ceftizoximealapivoxil,0
difebarbamate,1
calciumfolinate,1
pralidoxime,1
schembl33857,0
meclizine,1
shalothane,1
nortriptyline,1
fluperlapine,1
pyridoxine,0
hydro2hpyran2yloxy7methoxy35791113hexame,0
dexamethasoneacefurate,1
levonorgestrel,0
bromhexine,0
methylsphenylrpiperidin2ylacetate,1
piberaline,1
zinc1530929,1
valganciclovirs,1
meprobamate,1
cgp39551,1
ribuprofen,1
eltrombopag,0
nanepimetacycline,0
schembl6947600,1
cefuroxim,0
antazoline,0
leflornithine,1
dapiprazole,0
phentermine,1
ro640802,0
fluzinamide,1
buciclovir,1
uniih0x939rx9wcomponentanpjdcdlxknspsgfccvegcsan,1
dimeprozan,1
methamphetaminepervertin,1
nana7adimethyl11a55a5b677a8a99a9b9c9dtetradecahydro3hspirocyclopropa45cyclopenta12acyclopropalphenanthrene82furan354h4hdione,0
drotaverine,1
zinc100029668,1
zinc31544969,1
chembl1950329,0
dasatinib,0
saquinavir,1
methacholine,0
cytarabine,1
quipazine,1
ceforanide,0
elliptiniumacetate,0
ergoloidmesylate,1
schembl9489255,0
flumethazonepivalate,1
uniiciy2383wvz,1
carfilzomib,0
alfadolone,1
oxiperomide,1
meropenem,0
chloralhydrate,1
nanmethylpentaneisohexane,1
clocortolone,1
mepenzolatebromide,0
chlordiazepoxide,1
zinc11616335,0
hydroxycarbamide,1
florfenicol,1
quilostigmine,1
s111,1
niflumicacid,0
enciprazine,1
zinc1849669,1
fluspirilene,1
mephobarbitalmethylphenobarbital,1
teniloxazine,1
chembl72048,0
sermion,1
westcort,1
nanmethyldihydromorphinone,1
schembl11806329,1
nanr9r91s12dihydroxyethyl67911tetrahydroxy4methoxy810dihydro7htetracene512dione,0
zinc3830661,1
naltrexone,1
chembl534947,1
butalbital,1
valnoctamide,1
nanethyl5isopentyl56dihydropyrimidine241h3hdione,1
romifidine,1
nans5s6s33dimethyl7oxo62r2phenyl2sulfoaminoacetylamino4thia1azabicyclo320heptane2carboxylicacid,0
schembl1237910,1
unii76444vie9p,1
n33cyano12dihydropyrazolo15apyrimidin7ylphenylnethylacetamide,1
racivir,0
chembl2113676,1
schembl11223104,0
fenmetramide,1
spindolol,1
schembl13875663,1
mesulergine,1
zinc651,0
detomidine,1
neomycinbas2ethylbutyrateframycetin,0
chembl70762,1
mivacuriumchloride,0
chembl2024515,1
cefazolin,0
succinylsulfathiazole,0
erythromycinethylsuccinate,0
emylcamate,1
doxefazepam,1
chembl1253612,1
diacetylthiamine,1
nicopholine,1
uniisfj709wu1x,1
isopropicillin,0
halocortolone,1
nandipropylamino23dihydro1hphenalen5ol,1
anthralin,0
roxatidineacetate,0
methohexital,1
indigotindisulfonate,0
compounds16d,1
fluphenazineenanthate,1
taniplon,1
gyki52466,1
zinc1678603,1
fenaclon,1
oxaflozane,1
clovoxamine,1
glimepiride,0
nelfinavirmesylate,1
schembl6253205,1
atazanavir,0
schembl13579049,0
brompheniramine,1
cortisone,0
paraxazone,1
nanr126dimethylphenoxypropan2amine,1
doxylamine,1
fluocortolone21hexanoat,1
zalcitabine,1
adriamycinolaglycone,0
xantocillin,0
zinc575338663,0
carfimate,1
clomiphene,0
tubocurarine,0
acetorphine,1
daunorubicin,0
zinc2019917,1
diamorphine,1
bunazosin,0
nabilone,1
clotixamide,1
nans5s32hydroxyethylidene7oxo4oxa1azabicyclo320heptane2carboxylicacid,1
piperidine34methoxyphenoxymethyl1methyl4phenylcis,1
histaminephosphate,0
nanr2r4s5r9butyl9methyl3oxa9azoniatricyclo331024nonan7yl2r3hydroxy2phenylpropanoate,0
lidoflazine,0
chembl1950330,1
aztreonam,0
l838417,1
uniixrp67fe31n,1
rtemazepam,1
mitiglinide,0
guanabenz,0
fludiazepam,1
isometheptene,1
proxyphylline,1
clopidogrel,0
methoxsalen,0
sbi0051468p003,0
chlorphenesin,1
dactinomycin,0
flunisolideacetate,1
zomebazam,1
metyrapone,0
chembl2105588,1
scrotetamide,1
chembl3085528,1
butamoxane,1
alprenolol,1
clopipazan,1
zoledronicacid,0
nanr7r72s2hydroxy2phenylacetylamino35methyl134thiadiazol2ylsulfanylmethyl8oxo5thia1azabicyclo420oct2ene2carboxylicacid,0
fluprazine,1
allopregnanolone,1
delorazepam,1
nomifensine,1
premazepam,1
sumatriptan,1
rtrifluomeprazine,1
cinolazepam,1
morpholinyloxaunomycin,1
prednylidene,1
mcule5010058438,0
cyprazepam,1
oxaflumazine,1
kanamycin,0
pentolinium,0
nanr13r14r17s17hydroxy13methyl3oxo126781112141516decahydrocyclopentaaphenanthren17ylacetonitrile,1
l001588,1
testolactone,0
panamesine,1
apicycline,0
propargylalcohol,1
ica27243,1
beclamide,1
pdsp1001705,1
nanepiminocycline,1
naniodonnisopropylmxylenediamine,1
zinc40163149,1
flurandrenolide,1
levoleucovorin,1
nanc17,1
apomorphiner,1
flunitrazepam,1
compound17,1
butyl4aminobenzoatebutamben,1
bbcpd11cimetidineanalogyg13,0
nitrogen,1
uk240455,0
thialbarbital,1
methyl1s2s3s5s3benzoyloxy8methyl8azabicyclo321octane2carboxylate,1
pramiracetam,1
schembl8768620,0
phenothiazine,1
amoxicillin,0
ropinirole,1
calcipotriol,0
chembl69032,0
propyphenazone,0
fenfluramine,1
chembl1372985,1
trimethadione,1
unii8poy3umu73,1
deximafenimafen,1
chembl252319,1
heroindiacetylmorphine,1
carbubarb,1
sulfacytine,0
procaterol,0
isopenicillinn,0
tolamolol,0
piriqualone,1
hexocyclium,0
spiramycin,0
soxiracetam,1
zinc11616739,0
uniiv8qoe2rz8v,1
nanepigemcitabinegemcitabineimpurity,0
fasiplon,1
nafimidone,1
quinacillin,0
cc279,1
schembl8717354,1
sb271406,0
nimetazepam,1
nanr9s13s14s17r3cyclopentyloxy17ethynyl13methyl7891112141516octahydro6hcyclopentaaphenanthren17ol,0
morniflumate,0
liarozole,1
etorphine,1
toprilidine,1
unii7gaq2332nkcomponentnrncyvbfpddjnessdottswsan,1
ldimethylamphetamine,1
pemoline,1
spiramycini,0
zinc26376398,1
nandihydroxycholan24oicacid,0
uniiwo31v62797componentpshbcuhyclagpzzbinzkhdsan,1
schembl1041963,1
thiamylal,1
transthiothixene,1
minokinemw012069srm,1
bexarotene,0
lenperone,1
schembl18872879,0
nantrimethylbenzene,1
nanaminobenzoicacid,0
pentylacetate,1
nandimethyl57dihydro4hpurine26dione,1
spazinaclone,1
benzobarbital,1
caroxazone,1
argatroban,0
zinc19168143,1
lomefloxacin,0
penthrichloral,1
balaperidone,1
opipramol,1
clometocillin,0
ameltolide,1
schembl6624015,1
brl52871,1
salprenolol,1
nandichlorophenoxyaceticacid,1
aliskiren,0
schembl5783301,1
nsc108159,1
xylazine,1
mirtazapine,1
nanr5ethyl1methyl5phenyl13diazinane246trione,1
nanhpyrido34bindole,1
schembl3648819,1
desoximetasone,1
nanethyl52rpentan2yl2thioxodihydropyrimidine461h5hdione,1
cbzepo,1
indatraline,1
schembl2109666,1
etacrynicacid,0
tolterodineinn,1
nhexane,1
methylprednisolonehemisuccinate,1
clodronicacid,0
treprostinil,0
schembl614,1
telaprevir,0
lmethylphenidate,1
zinc302,1
chembl305241,0
niclosamide,0
busulfan,1
uniip41pml4ghr,0
prednisone,1
ciprofloxacin,0
benperidol,1
budesonide,1
zinc29747105,0
sameridine,1
theodrenaline,0
sceliprolol,0
quinagoliduminnlatin,1
nonapyrimine,1
chembl68441,1
nonaperone,1
perflutren,0
mebutamate,1
rketorolac,0
flumequine,0
unii1o8a15g935componentbjwapforupuxrjsfhvurjksan,1
tropapride,1
ft0668653,0
pindolol,1
gefitinib,1
valganciclovir,1
nanohrisperidone,1
alpelisib,0
melperone,1
buramate,1
chembl351067,1
chembl239975,1
pecocycline,0
nizofenone,1
norfenefrine,0
tamolarizine,1
oxazepam,1
chembl33994,0
carpipramine,1
zinc2015185,0
seconazole,0
zinc3871892,0
tipredane,1
delergotrile,1
lcycloserine,1
brotizolam,1
primidone,1
thiopentalthiopentone,1
zinc37263687,1
gr91272,1
loprazolam,1
schembl3121372,1
ilaprazole,0
nandiethylaminoethyl2r5s6s626dimethoxybenzoylamino33dimethyl7oxo4thia1azabicyclo320heptane2carboxylate,0
acetazolamide,1
brosuximide,1
sch31353,1
brn0626697,1
nanr9r10r13s14r17s13ethyl17ethynyl17hydroxy126789101112141516dodecahydrocyclopentaaphenanthren3one,1
s123,1
hydroflumethiazide,0
icotidine,0
moxiraprine,1
perimetazine,1
cycloleucine,1
nans5r6s632chloro6fluorophenyl5methyl12oxazole4carbonylamino33dimethyl7oxo4thia1azabicyclo320heptane2carboxylicacid,0
tetracycline,0
betamethasoneacibutate,1
albutoin,1
nans4r5r6s5hydroxy64hydroxy34hydroxy33methylbut2enylbenzoylamino8methyl2oxochromen7yloxy3methoxy22dimethyloxan4ylcarbamate,0
nansbutan2yl44444s224dichlorophenyl2124triazol1ylmethyl13dioxolan4ylmethoxyphenylpiperazin1ylphenyl124triazol3one,0
isoflurophate,0
isopropoxyphene,1
s3benzoyloxyquinuclidine,1
ropiniroleskf101468,1
zinc100232307,1
dimemorfaninn,1
unii0663ol43pk,1
apalcillin,0
pyrimethamine,1
stl504716,1
propan1ol,1
tolbutamide,0
nans5oxon1s2s2phenylcyclopropylpyrrolidine2carboxamide,1
cp24,1
nanbutyl3phenylthiourea,1
zinc469839159,1
menatetrenone,0
gonadorelin,0
bromopride,1
nanphenylbutyricacid,0
zinc40476855,1
indapamide,0
butobarbitone,1
homatropinemethylbromide,0
sulfonethylmethane,1
zinc33647603,1
chembl3351107,0
cinnarizine,1
methacyclinemetacycline,0
retazepine,1
zorubicin,0
oprea1628450,1
cefaclor,0
miloxacin,1
alpiropride,1
tripropylphosphine,1
cas58855,1
sinequan,1
resocortol,1
nanpnc,1
rcolchicine,0
cefazedone,0
orbinamon,1
trimetrexate,0
nikethamide,1
nicocortonida,1
aminophenazone,1
nsc355078,1
ifosfamide,0
zinc256873410,1
zinc1999439,0
glisoxepide,0
betamethasonedipropionateepimpuritye,1
xylose,0
carbondisulfide,1
zinc3604292,1
nortetrazepam,1
ipratropiumbromide,0
oxypertine,1
gemifloxacin,0
chembl1624196,0
hydroxindasol,1
penicillinn,0
dioxamate,1
nanthienyl2alphamethylcyclohexan1betaylpiperidine,1
chembl246597,1
napactadinehydrochloride,1
eserine,1
ecypenamine,1
nandeoxyadriamycin,0
prednisolamate,1
etonogestrel,0
sallomethadione,1
diflorasone,1
clomacran,1
remifentanil,1
uniimp04l9t248,1
naflocort,1
dazepinil,1
tampramine,1
methazolamide,0
dlpanthenol,0
schembl43268,1
chembl71005,0
zinc33827953,0
octane,1
phenoxymethylpenicillin,0
epalrestat,0
schembl4936924,0
sb204484,1
bepridil,0
zinc2019918,1
piridicillinsodium,0
biapenem,0
dexpanthenol,0
ft0661485,1
spectrum001092,1
alovudine,1
rebamipide,0
schembl9734362,1
rolipram,1
ensaculin,1
sviloxazine,1
chembl3558540,0
nanr9r10r11r13s14r17s17ethoxycarbonyloxy11hydroxy1013dimethyl3oxo7891112141516octahydro6hcyclopentaaphenanthren17yl2oxoethylpropanoate,1
schembl7481790,1
morpholine3methyl2phenyl2s3r,1
gr89696pr,1
schembl17256233,1
ethylene,1
mozavaptan,0
praziquantel,1
benzindopyrinehydrochloride,1
ibudilast,0
telithromycin,0
dalfopristin,0
uniithb9t1jz6c,1
temsirolimus,1
fipexide,1
pipotiazine,1
nanr9r10s13s14r17r17hydroxy1013dimethyl311dioxo12678912141516decahydrocyclopentaaphenanthren17yl2oxoethylacetate,1
zoniclezole,1
unii7w3a3ukf2e,1
stiripentolmi,1
zinc11679768,0
phenindamine,1
clotiazepam,1
nandihydroxyphenyl57dihydroxy32s3s4s5s6s345trihydroxy6hydroxymethyloxan2yloxychromen4one,0
protokylolhydrochloride,0
budipine,1
nantrimethylxanthinetms,1
ccd1042,1
camazepam,1
b102asenapineorg5222,1
nanepipravastatin,0
sertaconazole,0
chembl515025,1
chembl68445,1
compound4h,1
methyldihydromorphine,1
desomorphine,1
triclosan,1
zinc1692920,1
spironolactone,0
zinc5973244,1
nebracetam,1
olanzapine,1
thiothixenetiotixene,1
maraviroc,0
pirmenol,0
zinc4214115,1
nans22s222s22s2amino34hydroxyphenylpropanoylaminopropanoylaminoacetylamino3phenylpropanoylamino3methylbutanamide,0
nans7r72r2amino24hydroxyphenylacetylamino8oxo32htriazol4ylsulfanylmethyl5thia1azabicyclo420oct2ene2carboxylicacid,0
clofazimine,0
adapalene,0
anisindione,0
unii5359i0ru7w,1
betazole,0
dimethazan,1
ci1043,1
verteporfin,0
chembl351286,1
hydroxyephedrine,0
diphenhydramine,1
glutamicacid,0
schembl1232177,1
ibuprofen,1
dacarbazine,1
nanmethoxyaceticacid2231hbenzimidazol2ylpropylmethylaminoethyl6fluoro1propan2yl34dihydro1hnaphthalen2ylester,0
febarbamate,1
alphaxalone,1
zinc14649463,1
homochlorcyclizine,1
uniiji5fv0wa1n,1
crotamiton,0
cefatrizine,0
terbutaline,1
nanhydroxytryptophan,1
cyclosporinaciclosporin,0
nanchloro2furan2ylmethylamino6sulfamoylbenzoicacid,1
suriclone,1
nans2aminomethylnndiethyl1phenylcyclopropane1carboxamide,1
gaboxadol,1
cyclocort,1
db086626,0
dupracetam,1
schembl9044848,1
rphenprocoumon,1
taurolidine,0
lofexidine,1
biddgt0539,0
carvedilol,0
tifluadom,1
schembl2108977,1
cyclopregnol,1
teflutixol,1
ondansetron,1
skbe,0
uniidfc57v76oc,1
betacarotene,0
naftifine,0
nand,1
desipramine,1
desfluranesuprane,1
fenoxazoline,0
nicomorphine,1
descinolonedescinoloneacetonide,1
glycopyrrolate,0
carfecillin,0
aminophylline,0
cadralazine,1
schembl6578223,1
zinc256169910,1
phenylephrine,1
cyclobenzaprine,1
dm44,1
zinc252676467,0
benzydamine,1
xylene,1
zinc299805743,0
nans7r31methyltetrazol5ylsulfanylmethyl8oxo72trifluoromethylsulfanylacetylamino5thia1azabicyclo420oct2ene2carboxylicacid,0
zinc1633927,1
clocortoloneacetate,1
pargyline,1
schembl614298,0
cefoperazoneimpurityf,0
dexoxadroldioxadrolandlevoxadrol,1
chembl266153,0
unii75go5pp6ns,0
tropicamide,0
almoxatone,1
mecillinam,0
ncgc0002458403,0
ethyl4aminobenzoatebenzocaine,1
sobuzoxane,0
eldecalcitol,0
zinc4213170,1
promethazine,1
mecloqualone,1
schembl11033793,0
piroxicillin,0
dichlorisoneacetate,1
nansoxazolam,1
schembl19680107,0
vemurafenib,0
olsalazinesodium,0
nanr6s8s6propan2yl3azapentacyclo1181038092201621docosa9111322161820hexaen6ol,1
schembl157330,1
ctk7j8195,0
lacticacid,1
schembl8481524,0
methotrimeprazine,1
nanfluoropaclitaxel,1
zinc13827997,0
zinc1851098,0
meclorisonedibutyrate,1
schembl5966350,1
bifonazole,0
amisulpride,1
schembl635420,1
compound4bpmid16099654,1
pregna14diene320dione9chloro111721trihydroxy16methyl11beta16beta,1
methoxyphedrine,0
clobazam,1
nifuroxazide,0
ximelagatran,0
sdesflurane,1
carbidopa,0
spiperone,1
tisocromide,1
nicotinamide,1
chembl1185227,1
perindoprilat,0
bezafibrate,0
ticlopidinehydrochloride,0
schembl9192185,1
cortivazol,1
etodroxizine,1
bbcpd12cimetidinederivativeskb15,1
halcinonide,1
tz19,1
uniiq1069wkm8gcomponentlzkanmyvpjzlewzafykaaxsan,1
lintrain45,1
nans7r72z22amino13thiazol4yl2hydroxyiminoacetylamino3methoxymethyl8oxo5thia1azabicyclo420oct2ene2carboxylicacid,0
camptothecin,1
mebeverine,0
uniiyfd6wrv4j1componentiqppoxsmsdpzkugxffztmasan,1
pentamoxane,1
stomoxetine,1
fluorescein,0
iproclozide,1
pheniramine,0
fasoracetam,1
acecarbromal,1
ritonavir,0
sm9018freebase,1
tertbutylchlorambucil,1
schembl8989362,1
mls006011558,1
diphoxazide,1
minocycline,1
etidronicacid,0
sethotoin,1
enflurane,1
nanethoxy423methyl12piperidin1ylphenylbutylamino2oxoethylbenzoicacid,0
ciclopramine,1
clofibricacid,0
rosoxacin,0
saminoglutethimide,1
aceglutamide,1
desloratadine,0
tocris2141,1
schembl156228,1
cathine,1
carfentanil,1
dacemazine,1
guanidine,0
valdipromide,1
sflecainide,1
nandideoxy3hydroxymethylcytidine,1
zinc5651105,1
acaprazine,1
mls006011456,0
nanr5s6s33s5s5dimethylcarbamoylpyrrolidin3ylsulfanyl61s1hydroxyethyl4methyl7oxo1azabicyclo320hept2ene2carboxylicacid,0
penicilling,0
amlexanox,0
carbinoxamine,1
cefacetrile,0
alonimid,1
compound35,0
zinc607947,1
tameticillin,0
besp,1
letermovir,0
raminoglutethimide,1
alpertine,1
thioproperazine,1
e25nitrofuran2ylmethylenehydrazinecarboxamide,0
dladrenaline,0
penimocycline,0
zinc1543366,1
amantocillin,0
floxuridine,0
aspoxicillin,0
ticabesonepropionate,1
modafinil,1
nanr6r7r7ar4acetyloxymethyl13methylbutanoyloxyspiro67adihydro1hcyclopentacpyran72oxirane6yl3methylbutanoate,1
schembl2465734,1
uniid9741c38xi,0
nanacetyloxy17ethynyl13methyl236789101112141516dodecahydro1hcyclopentaaphenanthren3ylacetate,0
oxanamide,1
flunisolide,0
zinc1481926,1
org30526,1
acrylonitrile,1
nystatin,0
uniis4yrd0f99v,1
roletamide,1
sulfinpyrazone,0
nanshex3yn2yl1methyl5prop2enyl13diazinane246trione,1
delfaprazine,1
flucloronideflucloroloneacetonide,1
cube8,1
noscapine,1
cefuzonam,0
amitriptyline,1
epirubicin,0
doxorubicin,1
pyritinol,1
clindamycinphosphate,0
cispiflutixol,1
lamotrigine,1
dihydroheterocodeine,1
zinc660,1
orlistat,0
zinc3871931,0
hetacillin,0
sbethanechol,0
nanbromo4chloro111trifluorobutane,1
fenbufen,0
imipraminoxide,1
compound32,1
napamezole,1
dexamisole,1
zinc3830475,0
nanfluorotranylcypromine,1
fluvastatinsodiumantiisomerfreeacid,1
nans4ar5ar6s12ar7chloro4dimethylamino16101112apentahydroxy6methyl312dioxo44a55atetrahydrotetracene2carboxamide,0
cefonicid,0
jnj5207787,1
treosulfan,0
ceftiofur,0
scetirizine,0
bifemelane,1
vancomycinhydrochloride,0
maprotiline,1
schembl16606206,0
panuramine,1
nebivolol,1
perazine,1
cefalexin,0
lindane,0
chlorcyclizine,1
rosiglitazone,0
chlorazepate,1
amebucort,1
uniiyay699l64p,1
pirarubicin,0
prasugrel,0
thiacetazone,0
isosorbid2nitrat,1
cefiximeepimpuritya,0
oxolinic,0
cefcanel,0
chembl506480,1
iloprostphenacylester,0
chembl105013,1
schembl12684742,1
etoxadrol,1
zinc6021047,1
gadobenatedimeglumine,0
lincomycine,0
mosapramine,1
acetylcysteine,0
piritramide,1
clemeprol,1
hydromorphinol,1
tropisetron,1
pentoxifylline,0
norgestrel,0
zinc1843140,1
lymecyclineantibioticforculturemediauseonly,0
dichlormezanone,1
zinc100036716,1
schembl6227762,1
fluperolone,1
befunolol,0
streptomycin,0
pagoclone,1
zinc2009618,1
bevonium,0
tuclazepam,1
cyprenorphine,1
smephenytoin,1
nicotine,1
zinc190,1
trifluopromazine,1
vindesine,0
nanas7r7ar12bs9methoxy3methyl1245677a13octahydro412methanobenzofuro32eisoquinoline4a7diol,1
feprazone,1
nanmethyl1pentyn3ol,1
sbisoprolol,1
schembl15974503,1
amdinocillinpivoxil,0
bremelanotide,0
nanhydroxydextroamphetamine,0
adinazolam,1
schembl11523038,0
senflurane,1
methamphetamine,1
isoetharine,0
schembl9650920,0
azimilide,1
chembl1622855,0
norverapamil,1
sumacetamol,1
pipradrol,1
cyclothiazide,0
carubicin,0
uniiw239u04yz5,1
kcl440,1
etizolam,1
sbenmoxin,1
xaliproden,1
sadrenaline,0
sildenafil,0
dtpabma,0
carumonam,0
nanpropyl5ethylbarbituricacid5ethyl5propyl13diazinane246trione,1
nanhxanthene9carboxamiden21methylethyl2htetrazol5yl,1
gammaglutamylcysteinylglycine,0
dexclamol,1
rasagiline,1
tz3,1
ganaxolone,1
eterobarb,1
menadione,0
nitrendipine,0
rosuvastatin,0
cefaloram,0
ocaperidone,1
epigalantamine,1
irie16c,1
tandamine,1
dronedarone,0
cisapride,1
cyproheptadine,1
aceprometazine,1
odapipam,1
etravirine,0
cinfenine,1
flumezapine,1
cetofenicol,1
cube10,0
decitabine,0
biperiden,1
zinc100042150,1
azithromycin,0
apadoline,1
novobiocin,0
zinc19848892,1
savoxepin,1
stavudine,1
chlorphenesincarbamate,1
napsagatran,0
nitrazepam,1
schembl6707709,1
levofloxacin,1
n2cyanoethyl2phenylethylamine,1
spectinomicina,0
aminocaproicacid,0
cefpirome,0
aminopromazine,1
heptabarb,1
metaraminol,0
fludrocortisone,1
schembl13026145,1
schembl4918415,1
ribavirin,1
iloperidone,1
cortisoneacetate,1
snorfenefrine,0
clocapramine,1
nanstifluadom,1
fluvastatin,1
heppbetaethylbetahydroxybenzenepropanamide3hydroxy3phenylpentamide,1
azelaicacid,0
chembl1590255,0
candesartan,0
smr000550494,1
cefsumide,0
nans224dichlorophenyl2124triazol1ylmethyl13dioxolan4ylmethoxyphenyl4propan2ylpiperazine,0
zinc1531027,1
butaperazine,1
moxadolen,1
anabet,1
tetrabenzine,1
cloticasonepropionate,1
pioglitazone,0
zinc5934813,1
nsc382927,1
ceftetrame,0
sofosbuvir,0
bromperidol,1
